id,predict_prob
0,0.4163413501739763
1,0.0695757464571886
2,0.07803776065074576
3,0.4163413501739763
4,0.4163413501739763
5,0.4163413501739763
6,0.07803776065074576
7,0.43656128993626425
8,0.07803776065074576
9,0.4253682504632274
10,0.4276316335609596
11,0.4484540147242186
12,0.4292843374495373
13,0.07569235064783146
14,0.07803776065074576
15,0.4360013100410754
16,0.4163413501739763
17,0.07803776065074576
18,0.4441465104976487
19,0.07803776065074576
20,0.43656128993626425
21,0.48815354326490384
22,0.4996834616571887
23,0.0695757464571886
24,0.4342865047606867
25,0.4163413501739763
26,0.5204526095235454
27,0.49142019991039687
28,0.4163413501739763
29,0.5170955140176704
30,0.49201573850955804
31,0.4195052641053364
32,0.4441465104976487
33,0.07569235064783146
34,0.38701409969487294
35,0.42674039791465174
36,0.4451559796127008
37,0.4507438813851143
38,0.5011696724421095
39,0.4342865047606867
40,0.4467285410899294
41,0.42618348676124584
42,0.4378470934815446
43,0.4441465104976487
44,0.07569235064783146
45,0.4441465104976487
46,0.4292843374495373
47,0.43656128993626425
48,0.4195052641053364
49,0.43656128993626425
50,0.4451559796127008
51,0.4287265892591225
52,0.4253682504632274
53,0.4276316335609596
54,0.43656128993626425
55,0.4368411493223648
56,0.4458285063589646
57,0.41867397569078363
58,0.4441465104976487
59,0.4441465104976487
60,0.4195052641053364
61,0.42674039791465174
62,0.43272386865677154
63,0.4441465104976487
64,0.4083314807535929
65,0.48815354326490384
66,0.4368411493223648
67,0.4292843374495373
68,0.4252103918514844
69,0.07803776065074576
70,0.4451559796127008
71,0.4270187329781813
72,0.4270187329781813
73,0.0695757464571886
74,0.4252103918514844
75,0.4252103918514844
76,0.4292843374495373
77,0.4441465104976487
78,0.07803776065074576
79,0.4467285410899294
80,0.41867397569078363
81,0.4994255219109847
82,0.4195606945545303
83,0.4342865047606867
84,0.4327498672639959
85,0.4937595367410709
86,0.4163413501739763
87,0.5020233055998277
88,0.4195052641053364
89,0.4441465104976487
90,0.43656128993626425
91,0.4451559796127008
92,0.42039247037247324
93,0.42707442581058774
94,0.4253682504632274
95,0.4804928304351727
96,0.43656128993626425
97,0.4368150941964324
98,0.07512233304502428
99,0.41867397569078363
100,0.07803776065074576
101,0.4342865047606867
102,0.4360013100410754
103,0.498159591027406
104,0.0695757464571886
105,0.43656128993626425
106,0.5017388918924286
107,0.4276316335609596
108,0.48815354326490384
109,0.4996834616571887
110,0.5017388918924286
111,0.4163413501739763
112,0.0695757464571886
113,0.4163413501739763
114,0.49142019991039687
115,0.07282895091461905
116,0.42618348676124584
117,0.4342865047606867
118,0.512766373396136
119,0.4163413501739763
120,0.43454000647170193
121,0.43656128993626425
122,0.4467285410899294
123,0.43375364655935855
124,0.4719235523637588
125,0.4342865047606867
126,0.4484540147242186
127,0.4441465104976487
128,0.4342865047606867
129,0.4451559796127008
130,0.43454000647170193
131,0.4284479733938558
132,0.4342865047606867
133,0.4441465104976487
134,0.4441465104976487
135,0.4441465104976487
136,0.4342865047606867
137,0.43656128993626425
138,0.4284479733938558
139,0.4195606945545303
140,0.0695757464571886
141,0.0695757464571886
142,0.4804928304351727
143,0.49173139590702736
144,0.4270187329781813
145,0.4163413501739763
146,0.42383952669459307
147,0.4837566737232566
148,0.4937595367410709
149,0.43454000647170193
150,0.4163413501739763
151,0.49116233821013844
152,0.4284479733938558
153,0.4441465104976487
154,0.44984379047737677
155,0.4252103918514844
156,0.47343691653178926
157,0.4163413501739763
158,0.43656128993626425
159,0.42618348676124584
160,0.07803776065074576
161,0.4195052641053364
162,0.39753183433214295
163,0.07803776065074576
164,0.41786264349934565
165,0.4444012464208864
166,0.4360013100410754
167,0.4253682504632274
168,0.4342865047606867
169,0.40542354620950344
170,0.4362550408141979
171,0.4270187329781813
172,0.43656128993626425
173,0.43656128993626425
174,0.4163413501739763
175,0.0695757464571886
176,0.4441465104976487
177,0.41895089455555534
178,0.4441465104976487
179,0.41895089455555534
180,0.39753183433214295
181,0.42674039791465174
182,0.4163413501739763
183,0.43656128993626425
184,0.0695757464571886
185,0.4163413501739763
186,0.42618348676124584
187,0.0695757464571886
188,0.4292843374495373
189,0.4378470934815446
190,0.4195052641053364
191,0.5094326592742728
192,0.07803776065074576
193,0.4484540147242186
194,0.07569235064783146
195,0.4262098229312817
196,0.4149037219040572
197,0.3980260984108485
198,0.4994255219109847
199,0.4451559796127008
200,0.0674660500973418
201,0.48815354326490384
202,0.07803776065074576
203,0.4163413501739763
204,0.4270187329781813
205,0.4292843374495373
206,0.42674039791465174
207,0.5204526095235454
208,0.4270187329781813
209,0.07803776065074576
210,0.4195606945545303
211,0.44412036326998083
212,0.4276316335609596
213,0.48789575127764556
214,0.40931949083491015
215,0.07803776065074576
216,0.4441465104976487
217,0.4292843374495373
218,0.0695757464571886
219,0.49201573850955804
220,0.39097101100918163
221,0.4994255219109847
222,0.07803776065074576
223,0.4342865047606867
224,0.07803776065074576
225,0.4441465104976487
226,0.4342865047606867
227,0.41867397569078363
228,0.43656128993626425
229,0.4212051604815518
230,0.4804928304351727
231,0.4451559796127008
232,0.43656128993626425
233,0.4276316335609596
234,0.4195606945545303
235,0.4276316335609596
236,0.4292843374495373
237,0.4994255219109847
238,0.4195052641053364
239,0.4451559796127008
240,0.43656128993626425
241,0.4451559796127008
242,0.42674039791465174
243,0.4163413501739763
244,0.4375670903743737
245,0.4163413501739763
246,0.439284790591005
247,0.07196872458281173
248,0.4270187329781813
249,0.4287265892591225
250,0.4441465104976487
251,0.4292843374495373
252,0.43454000647170193
253,0.4171518452247123
254,0.4451559796127008
255,0.4451559796127008
256,0.43454000647170193
257,0.4467285410899294
258,0.42674039791465174
259,0.4451559796127008
260,0.0695757464571886
261,0.42383952669459307
262,0.43656128993626425
263,0.4276316335609596
264,0.4915139887171561
265,0.43454000647170193
266,0.4368411493223648
267,0.4083314807535929
268,0.4163413501739763
269,0.48046639300809846
270,0.43656128993626425
271,0.44772395968544176
272,0.42295035419742605
273,0.07569235064783146
274,0.4378470934815446
275,0.4173088841653471
276,0.4342865047606867
277,0.48020885194485863
278,0.44085357450620344
279,0.4441465104976487
280,0.42674039791465174
281,0.07803776065074576
282,0.4550642535713173
283,0.4163413501739763
284,0.41867397569078363
285,0.4804928304351727
286,0.41733507078252646
287,0.4451559796127008
288,0.4451559796127008
289,0.4284479733938558
290,0.44412036326998083
291,0.464102458561685
292,0.5094326592742728
293,0.4360013100410754
294,0.4484540147242186
295,0.4418370773599674
296,0.4284479733938558
297,0.42707442581058774
298,0.43656128993626425
299,0.5121975038682491
300,0.4276316335609596
301,0.43656128993626425
302,0.4270187329781813
303,0.4342865047606867
304,0.4351815363973235
305,0.4351815363973235
306,0.0695757464571886
307,0.513788080023424
308,0.0695757464571886
309,0.4378470934815446
310,0.5094326592742728
311,0.4378470934815446
312,0.07803776065074576
313,0.42674039791465174
314,0.4444012464208864
315,0.41867397569078363
316,0.4083314807535929
317,0.43656128993626425
318,0.4269928195052694
319,0.5281027811403483
320,0.4728148794725424
321,0.07263270341838036
322,0.4276316335609596
323,0.07263270341838036
324,0.4083314807535929
325,0.4996834616571887
326,0.07803776065074576
327,0.4945647753237268
328,0.4945647753237268
329,0.48815354326490384
330,0.4284479733938558
331,0.5019968282437055
332,0.4292843374495373
333,0.42643582398076296
334,0.4284479733938558
335,0.4368411493223648
336,0.48046639300809846
337,0.43656128993626425
338,0.49382686471047876
339,0.4804928304351727
340,0.4375670903743737
341,0.48630388435330907
342,0.43656128993626425
343,0.4292843374495373
344,0.07803776065074576
345,0.48046639300809846
346,0.4728148794725424
347,0.5019968282437055
348,0.4342865047606867
349,0.07803776065074576
350,0.4368411493223648
351,0.0674660500973418
352,0.41895089455555534
353,0.4370068209789121
354,0.4287265892591225
355,0.48815354326490384
356,0.4284479733938558
357,0.479898062980433
358,0.42674039791465174
359,0.07263270341838036
360,0.4441465104976487
361,0.4276316335609596
362,0.4361866188983932
363,0.4573665082230479
364,0.0674660500973418
365,0.43656128993626425
366,0.4728148794725424
367,0.43656128993626425
368,0.4370068209789121
369,0.07512233304502428
370,0.4284479733938558
371,0.4342865047606867
372,0.44342441739450555
373,0.4368411493223648
374,0.43656128993626425
375,0.4163413501739763
376,0.4351815363973235
377,0.4451559796127008
378,0.4276316335609596
379,0.43656128993626425
380,0.4252103918514844
381,0.4270187329781813
382,0.4195052641053364
383,0.4292843374495373
384,0.4292843374495373
385,0.4360013100410754
386,0.4360013100410754
387,0.4252103918514844
388,0.43656128993626425
389,0.4163413501739763
390,0.5094326592742728
391,0.44605574946574683
392,0.4360013100410754
393,0.42674039791465174
394,0.07263270341838036
395,0.49049232704858786
396,0.43656128993626425
397,0.4368150941964324
398,0.07263270341838036
399,0.4828030869841997
400,0.07803776065074576
401,0.4269928195052694
402,0.4171518452247123
403,0.4276316335609596
404,0.5094061908872564
405,0.4368150941964324
406,0.42674039791465174
407,0.4342865047606867
408,0.07512233304502428
409,0.07196872458281173
410,0.4276316335609596
411,0.42674039791465174
412,0.4804928304351727
413,0.43656128993626425
414,0.4834725614329496
415,0.07512233304502428
416,0.4351815363973235
417,0.5170955140176704
418,0.43454000647170193
419,0.4583750518305229
420,0.5207101124288697
421,0.4269928195052694
422,0.4276316335609596
423,0.4252103918514844
424,0.4327498672639959
425,0.4276316335609596
426,0.4368150941964324
427,0.44021164979797545
428,0.41578816693708165
429,0.49201573850955804
430,0.4195052641053364
431,0.4292843374495373
432,0.4507438813851143
433,0.44772395968544176
434,0.4212051604815518
435,0.0695757464571886
436,0.07803776065074576
437,0.5017388918924286
438,0.43656128993626425
439,0.4195052641053364
440,0.43656128993626425
441,0.07803776065074576
442,0.4163413501739763
443,0.4276316335609596
444,0.4441465104976487
445,0.4837566737232566
446,0.4163413501739763
447,0.4163413501739763
448,0.4270187329781813
449,0.4996834616571887
450,0.42674039791465174
451,0.4468798003989855
452,0.47650706007426774
453,0.4804928304351727
454,0.4292843374495373
455,0.5130506015601801
456,0.0674660500973418
457,0.4527442899313258
458,0.42295035419742605
459,0.4163413501739763
460,0.0695757464571886
461,0.43656128993626425
462,0.4287006496887901
463,0.43656128993626425
464,0.41545656523816726
465,0.44721576232770127
466,0.4276316335609596
467,0.4195052641053364
468,0.4276316335609596
469,0.5017388918924286
470,0.4276316335609596
471,0.4083314807535929
472,0.49173139590702736
473,0.4467285410899294
474,0.4915139887171561
475,0.4292843374495373
476,0.41733507078252646
477,0.4375670903743737
478,0.4484540147242186
479,0.07803776065074576
480,0.4994255219109847
481,0.43454000647170193
482,0.0695757464571886
483,0.46219597852864003
484,0.4828030869841997
485,0.42674039791465174
486,0.4441465104976487
487,0.4441465104976487
488,0.4804928304351727
489,0.4173088841653471
490,0.4583750518305229
491,0.4996834616571887
492,0.4994255219109847
493,0.4292843374495373
494,0.40745183480319513
495,0.43656128993626425
496,0.4276316335609596
497,0.43656128993626425
498,0.43597526622783506
499,0.4212051604815518
500,0.4368411493223648
501,0.4451559796127008
502,0.4287265892591225
503,0.4375670903743737
504,0.41147743794949043
505,0.4163413501739763
506,0.49046585886514343
507,0.4360013100410754
508,0.4441465104976487
509,0.42674039791465174
510,0.4728148794725424
511,0.4163413501739763
512,0.4943286802393002
513,0.5122652366768766
514,0.4163413501739763
515,0.43454000647170193
516,0.49049232704858786
517,0.44085357450620344
518,0.43656128993626425
519,0.4327498672639959
520,0.4083314807535929
521,0.43656128993626425
522,0.49347516535466435
523,0.0695757464571886
524,0.4467285410899294
525,0.0695757464571886
526,0.4276316335609596
527,0.4270187329781813
528,0.5104542476491426
529,0.4276316335609596
530,0.502191653457279
531,0.4360013100410754
532,0.49116233821013844
533,0.5020233055998277
534,0.4292843374495373
535,0.502259425480496
536,0.4292843374495373
537,0.43656128993626425
538,0.4292843374495373
539,0.07512233304502428
540,0.4276316335609596
541,0.41545656523816726
542,0.43656128993626425
543,0.07803776065074576
544,0.4195052641053364
545,0.49201573850955804
546,0.4441465104976487
547,0.43656128993626425
548,0.42674039791465174
549,0.4385733498154326
550,0.49201573850955804
551,0.4978612402133895
552,0.4351815363973235
553,0.44085357450620344
554,0.4444012464208864
555,0.07803776065074576
556,0.4368411493223648
557,0.4342865047606867
558,0.4252103918514844
559,0.07196872458281173
560,0.4996834616571887
561,0.4270187329781813
562,0.0674660500973418
563,0.48789575127764556
564,0.4163413501739763
565,0.4945647753237268
566,0.42674039791465174
567,0.4507438813851143
568,0.43656128993626425
569,0.44984379047737677
570,0.4342865047606867
571,0.43656128993626425
572,0.43656128993626425
573,0.42674039791465174
574,0.4937595367410709
575,0.4342865047606867
576,0.43656128993626425
577,0.4083314807535929
578,0.43375364655935855
579,0.43656128993626425
580,0.41786264349934565
581,0.4425740240965076
582,0.49201573850955804
583,0.4994255219109847
584,0.4351815363973235
585,0.42674039791465174
586,0.4276316335609596
587,0.4083314807535929
588,0.4163413501739763
589,0.5077847874736966
590,0.0695757464571886
591,0.43656128993626425
592,0.45573945405104094
593,0.5096905048977962
594,0.4368411493223648
595,0.4804928304351727
596,0.4425740240965076
597,0.43656128993626425
598,0.43656128993626425
599,0.4262098229312817
600,0.4368411493223648
601,0.4252103918514844
602,0.4583750518305229
603,0.43454000647170193
604,0.44984379047737677
605,0.4163413501739763
606,0.0695757464571886
607,0.07803776065074576
608,0.4441465104976487
609,0.4351815363973235
610,0.4292843374495373
611,0.4276316335609596
612,0.4287265892591225
613,0.43656128993626425
614,0.43454000647170193
615,0.4402923912651468
616,0.5017388918924286
617,0.4342865047606867
618,0.4368411493223648
619,0.41867397569078363
620,0.4163413501739763
621,0.4796405453092168
622,0.502259425480496
623,0.41867397569078363
624,0.4284479733938558
625,0.5020233055998277
626,0.4441465104976487
627,0.4991815763647102
628,0.4919892674995876
629,0.4163413501739763
630,0.43454000647170193
631,0.4351815363973235
632,0.43656128993626425
633,0.4269928195052694
634,0.4378470934815446
635,0.40745183480319513
636,0.4650148752238595
637,0.4163413501739763
638,0.4292843374495373
639,0.4163413501739763
640,0.4253682504632274
641,0.4163413501739763
642,0.07088051019078964
643,0.4163413501739763
644,0.5054453462762942
645,0.07196872458281173
646,0.44342441739450555
647,0.07285762132708307
648,0.4510072037416482
649,0.4270187329781813
650,0.5094326592742728
651,0.5017388918924286
652,0.49201573850955804
653,0.4276316335609596
654,0.4163413501739763
655,0.07803776065074576
656,0.07263270341838036
657,0.4351815363973235
658,0.4163413501739763
659,0.4804928304351727
660,0.502259425480496
661,0.5281027811403483
662,0.43656128993626425
663,0.4248381171817183
664,0.4728148794725424
665,0.4451559796127008
666,0.5017388918924286
667,0.44597989888538003
668,0.4163413501739763
669,0.4368150941964324
670,0.4408550248645206
671,0.513788080023424
672,0.4342865047606867
673,0.42674039791465174
674,0.4454108305718647
675,0.4284479733938558
676,0.49173139590702736
677,0.42674039791465174
678,0.43656128993626425
679,0.4252103918514844
680,0.5017388918924286
681,0.07803776065074576
682,0.4994255219109847
683,0.42618348676124584
684,0.4508557055794078
685,0.4269928195052694
686,0.49046585886514343
687,0.4163413501739763
688,0.5014276106530627
689,0.4276316335609596
690,0.49264171962449316
691,0.43656128993626425
692,0.43656128993626425
693,0.4271007760575439
694,0.502259425480496
695,0.4284479733938558
696,0.49049232704858786
697,0.4252103918514844
698,0.4276316335609596
699,0.07263270341838036
700,0.49046585886514343
701,0.0695757464571886
702,0.41867397569078363
703,0.502259425480496
704,0.49692355647814523
705,0.4171518452247123
706,0.42618348676124584
707,0.4284479733938558
708,0.42618348676124584
709,0.4292843374495373
710,0.43656128993626425
711,0.43656128993626425
712,0.43656128993626425
713,0.4284479733938558
714,0.4195606945545303
715,0.3758810154855131
716,0.45173162290888624
717,0.4252103918514844
718,0.42674039791465174
719,0.0695757464571886
720,0.0695757464571886
721,0.4269928195052694
722,0.47607436248368923
723,0.4252103918514844
724,0.49201573850955804
725,0.479898062980433
726,0.4149037219040572
727,0.4171518452247123
728,0.4163413501739763
729,0.4284479733938558
730,0.4044623631777656
731,0.4342865047606867
732,0.4292843374495373
733,0.41147743794949043
734,0.4368411493223648
735,0.3986962718682031
736,0.43454000647170193
737,0.4441465104976487
738,0.4163413501739763
739,0.07803776065074576
740,0.4996834616571887
741,0.0695757464571886
742,0.4171518452247123
743,0.4996834616571887
744,0.43656128993626425
745,0.4212051604815518
746,0.4441465104976487
747,0.4996834616571887
748,0.4262098229312817
749,0.39070015075420134
750,0.42773176315150735
751,0.43656128993626425
752,0.43656128993626425
753,0.07803776065074576
754,0.4451559796127008
755,0.4822345585191321
756,0.49201573850955804
757,0.4939956255491453
758,0.41545656523816726
759,0.4368411493223648
760,0.43656128993626425
761,0.4368411493223648
762,0.43656128993626425
763,0.4292843374495373
764,0.07803776065074576
765,0.432667322492377
766,0.4342865047606867
767,0.4484540147242186
768,0.07569235064783146
769,0.4441465104976487
770,0.43375364655935855
771,0.07803776065074576
772,0.4378470934815446
773,0.5104542476491426
774,0.4252103918514844
775,0.40745183480319513
776,0.43656128993626425
777,0.4279101160113856
778,0.4451559796127008
779,0.41867397569078363
780,0.0752056884409238
781,0.49201573850955804
782,0.41895089455555534
783,0.4994255219109847
784,0.5017388918924286
785,0.49049232704858786
786,0.42618348676124584
787,0.49173139590702736
788,0.41545656523816726
789,0.4444012464208864
790,0.07803776065074576
791,0.0695757464571886
792,0.4195052641053364
793,0.07803776065074576
794,0.0695757464571886
795,0.4368150941964324
796,0.07238775757888195
797,0.4287265892591225
798,0.4368411493223648
799,0.4270187329781813
800,0.43375364655935855
801,0.4996834616571887
802,0.0695757464571886
803,0.5204526095235454
804,0.4163413501739763
805,0.46458335197069156
806,0.49201573850955804
807,0.45483666464858713
808,0.4276316335609596
809,0.40664703721701095
810,0.4988298216833211
811,0.4252103918514844
812,0.4270187329781813
813,0.42383952669459307
814,0.4163413501739763
815,0.46295166537879806
816,0.5316994910486488
817,0.4512705453724027
818,0.4828030869841997
819,0.44869875025073375
820,0.4118356355593256
821,0.466272018007171
822,0.4945008505068122
823,0.5245479752375444
824,0.521720130332106
825,0.4698770323011501
826,0.44869875025073375
827,0.5253318885349874
828,0.08165190711818784
829,0.47726665452581984
830,0.4586206995534348
831,0.4489801902439044
832,0.5185530453210715
833,0.4573665082230479
834,0.4361866188983932
835,0.45907040071651556
836,0.44869875025073375
837,0.46830719782571945
838,0.45578594994817795
839,0.4451559796127008
840,0.4489539882903747
841,0.426126495687611
842,0.4805965245306017
843,0.4471514252577401
844,0.45668952073744806
845,0.466272018007171
846,0.4292843374495373
847,0.466272018007171
848,0.4413779687742691
849,0.5045087634267716
850,0.43915370564097655
851,0.44869875025073375
852,0.45578594994817795
853,0.5066280783722459
854,0.4252103918514844
855,0.4672894994159374
856,0.47061242869708053
857,0.5066280783722459
858,0.4381736102173279
859,0.4580554273377359
860,0.4647990398396478
861,0.441434091563463
862,0.43656128993626425
863,0.44053623032308387
864,0.43105547756679496
865,0.4512705453724027
866,0.4283440216132001
867,0.47701126019097123
868,0.4672894994159374
869,0.4292843374495373
870,0.42674039791465174
871,0.441434091563463
872,0.4507067904670795
873,0.4465886282054897
874,0.4381736102173279
875,0.4672894994159374
876,0.42916070170416354
877,0.4945273251034343
878,0.5316994910486488
879,0.4517190529182115
880,0.4481355843286807
881,0.5360372665657513
882,0.41742970110850347
883,0.4507067904670795
884,0.4490631458604638
885,0.4588768837976583
886,0.4481355843286807
887,0.4261575862765318
888,0.07557883527719729
889,0.519222325637836
890,0.4563240623757852
891,0.5219775777493809
892,0.514292973401186
893,0.45890318258876966
894,0.4512705453724027
895,0.4413779687742691
896,0.4512705453724027
897,0.43761316847245046
898,0.44839076256882
899,0.4195052641053364
900,0.5240286616454991
901,0.44053623032308387
902,0.4351815363973235
903,0.4599184402856242
904,0.5360372665657513
905,0.46295166537879806
906,0.06984084723999376
907,0.47133837169564496
908,0.4381736102173279
909,0.07557883527719729
910,0.5060589457291301
911,0.4599184402856242
912,0.5143194295086714
913,0.4586206995534348
914,0.5240286616454991
915,0.4672894994159374
916,0.4672894994159374
917,0.48020885194485863
918,0.41786264349934565
919,0.4672894994159374
920,0.4672894994159374
921,0.46295166537879806
922,0.515777841351988
923,0.4570469935479444
924,0.5137241959548091
925,0.5245479752375444
926,0.46887417582949975
927,0.5127966722730949
928,0.47726665452581984
929,0.4563240623757852
930,0.08556627925650406
931,0.5027911815161935
932,0.45578594994817795
933,0.5104580868746684
934,0.4413779687742691
935,0.4195052641053364
936,0.4547721331883059
937,0.4672894994159374
938,0.4413779687742691
939,0.47726665452581984
940,0.4444012464208864
941,0.4269928195052694
942,0.4381736102173279
943,0.5143194295086714
944,0.4413779687742691
945,0.07557883527719729
946,0.4506805701649943
947,0.44984379047737677
948,0.07887719034076689
949,0.4623856142670917
950,0.4413779687742691
951,0.4580554273377359
952,0.08470449488622293
953,0.43005320007834413
954,0.514292973401186
955,0.44869875025073375
956,0.5283744651144037
957,0.458918438665342
958,0.4489801902439044
959,0.4490631458604638
960,0.4672894994159374
961,0.502506771766234
962,0.4672894994159374
963,0.46295166537879806
964,0.07887719034076689
965,0.44869875025073375
966,0.446774872322277
967,0.4588768837976583
968,0.45042515288701873
969,0.43454000647170193
970,0.4563240623757852
971,0.4397145777375084
972,0.472918424973753
973,0.44869875025073375
974,0.46295166537879806
975,0.46819625571267864
976,0.45890318258876966
977,0.5243124147342019
978,0.44869875025073375
979,0.45890318258876966
980,0.08470449488622293
981,0.43105547756679496
982,0.4381736102173279
983,0.4690265768906161
984,0.5245479752375444
985,0.503376872159016
986,0.4586206995534348
987,0.5024663571755537
988,0.4586206995534348
989,0.5027911815161935
990,0.4269928195052694
991,0.5360372665657513
992,0.4342865047606867
993,0.5316994910486488
994,0.5066280783722459
995,0.4586206995534348
996,0.5143194295086714
997,0.4987980377440329
998,0.5316994910486488
999,0.44869875025073375
1000,0.4212051604815518
1001,0.5134664467068509
1002,0.5327172428323306
1003,0.4563240623757852
1004,0.502506771766234
1005,0.44486502724589666
1006,0.5360372665657513
1007,0.07557883527719729
1008,0.5010635446546657
1009,0.5127966722730949
1010,0.5240286616454991
1011,0.5316994910486488
1012,0.44869875025073375
1013,0.52746822484931
1014,0.466272018007171
1015,0.45042515288701873
1016,0.502764704549464
1017,0.466272018007171
1018,0.4489539882903747
1019,0.4950964880835536
1020,0.5316994910486488
1021,0.4563240623757852
1022,0.43656128993626425
1023,0.4586206995534348
1024,0.44053623032308387
1025,0.45907040071651556
1026,0.5360372665657513
1027,0.45907040071651556
1028,0.4512705453724027
1029,0.4665287931706518
1030,0.533623781468578
1031,0.533623781468578
1032,0.46295166537879806
1033,0.4413779687742691
1034,0.43005320007834413
1035,0.45042515288701873
1036,0.4386195057778178
1037,0.4413779687742691
1038,0.4381736102173279
1039,0.4599184402856242
1040,0.5253318885349874
1041,0.4391802298692564
1042,0.5045352390450906
1043,0.46295166537879806
1044,0.466272018007171
1045,0.4489801902439044
1046,0.4950964880835536
1047,0.45997497938345433
1048,0.4413779687742691
1049,0.07871972930447585
1050,0.43656128993626425
1051,0.4599184402856242
1052,0.5134664467068509
1053,0.5316994910486488
1054,0.4512705453724027
1055,0.4512705453724027
1056,0.4489801902439044
1057,0.4599184402856242
1058,0.4465055215546322
1059,0.45658004567300076
1060,0.4489539882903747
1061,0.5327172428323306
1062,0.08470449488622293
1063,0.44839076256882
1064,0.4413779687742691
1065,0.4512705453724027
1066,0.5118191401642824
1067,0.5121975038682491
1068,0.45578594994817795
1069,0.4599184402856242
1070,0.4195052641053364
1071,0.4672894994159374
1072,0.5143194295086714
1073,0.4430988430976328
1074,0.4368150941964324
1075,0.44869875025073375
1076,0.45658004567300076
1077,0.5426682851020461
1078,0.5426682851020461
1079,0.4407905376188313
1080,0.44085357450620344
1081,0.4547437334957537
1082,0.4665287931706518
1083,0.4586206995534348
1084,0.521720130332106
1085,0.45409800898611125
1086,0.08156203708662459
1087,0.46230416773741256
1088,0.466272018007171
1089,0.5268552357201075
1090,0.5134664467068509
1091,0.4693650599874825
1092,0.5143194295086714
1093,0.4563240623757852
1094,0.47318354150944764
1095,0.44869875025073375
1096,0.4226253229531834
1097,0.45578594994817795
1098,0.4391802298692564
1099,0.4586206995534348
1100,0.5327172428323306
1101,0.4481355843286807
1102,0.4451559796127008
1103,0.5027911815161935
1104,0.466272018007171
1105,0.4563240623757852
1106,0.44486502724589666
1107,0.4163413501739763
1108,0.43656128993626425
1109,0.466272018007171
1110,0.446774872322277
1111,0.521720130332106
1112,0.4547721331883059
1113,0.44869875025073375
1114,0.4730310126236035
1115,0.4270187329781813
1116,0.43324396760685613
1117,0.08156203708662459
1118,0.44869875025073375
1119,0.4358969232966851
1120,0.42674039791465174
1121,0.44869875025073375
1122,0.45907040071651556
1123,0.5143194295086714
1124,0.4451559796127008
1125,0.5245479752375444
1126,0.4413779687742691
1127,0.4586206995534348
1128,0.44869875025073375
1129,0.42916070170416354
1130,0.521720130332106
1131,0.5327172428323306
1132,0.4512705453724027
1133,0.5055571275112243
1134,0.4749321502482062
1135,0.4765459799627789
1136,0.4372771890053543
1137,0.08470449488622293
1138,0.5204526095235454
1139,0.47061242869708053
1140,0.4588768837976583
1141,0.4372771890053543
1142,0.45658004567300076
1143,0.47061242869708053
1144,0.5127966722730949
1145,0.4489539882903747
1146,0.4512705453724027
1147,0.4336699591496298
1148,0.521720130332106
1149,0.4512705453724027
1150,0.5283744651144037
1151,0.5010635446546657
1152,0.44869875025073375
1153,0.5219775777493809
1154,0.4672894994159374
1155,0.4563240623757852
1156,0.4489801902439044
1157,0.3970348742382424
1158,0.43656128993626425
1159,0.472918424973753
1160,0.43324396760685613
1161,0.44869875025073375
1162,0.4481622175533436
1163,0.4413779687742691
1164,0.4957202747241047
1165,0.4408166442674978
1166,0.08470449488622293
1167,0.4489801902439044
1168,0.521720130332106
1169,0.44869875025073375
1170,0.5219775777493809
1171,0.4413779687742691
1172,0.514945021788564
1173,0.47061242869708053
1174,0.4698923363856705
1175,0.45578594994817795
1176,0.5143194295086714
1177,0.4795823802832161
1178,0.4413779687742691
1179,0.07861297081245504
1180,0.4408166442674978
1181,0.4489539882903747
1182,0.44869875025073375
1183,0.5253886464007499
1184,0.07418985782827
1185,0.5168664458948304
1186,0.5134664467068509
1187,0.4342865047606867
1188,0.4198654644162016
1189,0.4698770323011501
1190,0.43761316847245046
1191,0.44869875025073375
1192,0.4408992984457337
1193,0.4720121067465975
1194,0.07887719034076689
1195,0.4672894994159374
1196,0.472918424973753
1197,0.08470449488622293
1198,0.47061242869708053
1199,0.466272018007171
1200,0.4389946394566933
1201,0.5316994910486488
1202,0.07581213050425153
1203,0.4613691304097621
1204,0.4413779687742691
1205,0.4586206995534348
1206,0.48726865216841964
1207,0.4695936566171285
1208,0.07861297081245504
1209,0.4698770323011501
1210,0.4413779687742691
1211,0.5104580868746684
1212,0.4283440216132001
1213,0.4381736102173279
1214,0.47726665452581984
1215,0.4397145777375084
1216,0.44839076256882
1217,0.5327172428323306
1218,0.41158573817943295
1219,0.46887417582949975
1220,0.45890318258876966
1221,0.47133837169564496
1222,0.5360372665657513
1223,0.4512705453724027
1224,0.44959987838371446
1225,0.4481355843286807
1226,0.4695936566171285
1227,0.4583115631327005
1228,0.47726665452581984
1229,0.4950964880835536
1230,0.08470449488622293
1231,0.44053623032308387
1232,0.46295166537879806
1233,0.5245479752375444
1234,0.43324396760685613
1235,0.5360372665657513
1236,0.5360372665657513
1237,0.5168664458948304
1238,0.5027911815161935
1239,0.45890318258876966
1240,0.4563240623757852
1241,0.08470449488622293
1242,0.45907040071651556
1243,0.47726665452581984
1244,0.4391802298692564
1245,0.5327172428323306
1246,0.5345209754364351
1247,0.5300574173308384
1248,0.47726665452581984
1249,0.4506805701649943
1250,0.4687980123253213
1251,0.4283440216132001
1252,0.46468668376106603
1253,0.4730310126236035
1254,0.4381736102173279
1255,0.5243124147342019
1256,0.47726665452581984
1257,0.4665287931706518
1258,0.441434091563463
1259,0.5243124147342019
1260,0.466272018007171
1261,0.45963586316491745
1262,0.45658004567300076
1263,0.5066280783722459
1264,0.5245479752375444
1265,0.4490631458604638
1266,0.4413779687742691
1267,0.45890318258876966
1268,0.47987500340672024
1269,0.08470449488622293
1270,0.47061242869708053
1271,0.08470449488622293
1272,0.4381736102173279
1273,0.4413779687742691
1274,0.4489801902439044
1275,0.4391802298692564
1276,0.5360372665657513
1277,0.4489801902439044
1278,0.45802913600496686
1279,0.08470449488622293
1280,0.08470449488622293
1281,0.08217657665933494
1282,0.45890318258876966
1283,0.4622177878869748
1284,0.45890318258876966
1285,0.48161705787662795
1286,0.45658004567300076
1287,0.4672894994159374
1288,0.4512705453724027
1289,0.43005320007834413
1290,0.47061242869708053
1291,0.472918424973753
1292,0.4512705453724027
1293,0.5138344169765103
1294,0.4586206995534348
1295,0.5360372665657513
1296,0.4580554273377359
1297,0.43005320007834413
1298,0.4586206995534348
1299,0.5166305866266891
1300,0.521720130332106
1301,0.45658004567300076
1302,0.5140352404438525
1303,0.4698770323011501
1304,0.4124129372131581
1305,0.43005320007834413
1306,0.4665287931706518
1307,0.5240286616454991
1308,0.08470449488622293
1309,0.5137241959548091
1310,0.4471514252577401
1311,0.4471514252577401
1312,0.44869875025073375
1313,0.5066280783722459
1314,0.45890318258876966
1315,0.43324396760685613
1316,0.4563240623757852
1317,0.08470449488622293
1318,0.46295166537879806
1319,0.44959987838371446
1320,0.472918424973753
1321,0.4790141318097388
1322,0.43005320007834413
1323,0.4489539882903747
1324,0.441434091563463
1325,0.47061242869708053
1326,0.5329740696824512
1327,0.5278070375265792
1328,0.5101737902109275
1329,0.08470449488622293
1330,0.08470449488622293
1331,0.5219775777493809
1332,0.4489539882903747
1333,0.4471514252577401
1334,0.4586206995534348
1335,0.45890318258876966
1336,0.47061242869708053
1337,0.466272018007171
1338,0.5426682851020461
1339,0.08217657665933494
1340,0.5360372665657513
1341,0.4381736102173279
1342,0.4586206995534348
1343,0.4698770323011501
1344,0.5360372665657513
1345,0.4413779687742691
1346,0.4805965245306017
1347,0.45890318258876966
1348,0.4381736102173279
1349,0.4655177286503121
1350,0.5066280783722459
1351,0.08470449488622293
1352,0.07650864504820774
1353,0.466272018007171
1354,0.4662456607993477
1355,0.4391802298692564
1356,0.4586206995534348
1357,0.503376872159016
1358,0.44869875025073375
1359,0.521720130332106
1360,0.47061242869708053
1361,0.4586206995534348
1362,0.4586206995534348
1363,0.466272018007171
1364,0.5316994910486488
1365,0.44486502724589666
1366,0.4512705453724027
1367,0.5166305866266891
1368,0.07557883527719729
1369,0.47726665452581984
1370,0.441434091563463
1371,0.4586206995534348
1372,0.4586206995534348
1373,0.44959987838371446
1374,0.5240286616454991
1375,0.5060589457291301
1376,0.4563240623757852
1377,0.4775658204855256
1378,0.4049748219925301
1379,0.4408166442674978
1380,0.5253318885349874
1381,0.5060589457291301
1382,0.4489539882903747
1383,0.4489801902439044
1384,0.4430988430976328
1385,0.521720130332106
1386,0.5426682851020461
1387,0.4605406074190152
1388,0.4665287931706518
1389,0.44839076256882
1390,0.45890318258876966
1391,0.472918424973753
1392,0.502764704549464
1393,0.45808216074848257
1394,0.466272018007171
1395,0.50860789322481
1396,0.5245479752375444
1397,0.4506805701649943
1398,0.5104580868746684
1399,0.5459778644959413
1400,0.47635826088649713
1401,0.45042515288701873
1402,0.4586206995534348
1403,0.4489801902439044
1404,0.5127702117966682
1405,0.5316994910486488
1406,0.4586206995534348
1407,0.5219775777493809
1408,0.44869875025073375
1409,0.4381736102173279
1410,0.4580554273377359
1411,0.45658004567300076
1412,0.4381736102173279
1413,0.441434091563463
1414,0.4407905376188313
1415,0.43005320007834413
1416,0.4739389980748081
1417,0.4381736102173279
1418,0.08470449488622293
1419,0.07557883527719729
1420,0.5360372665657513
1421,0.44869875025073375
1422,0.08470449488622293
1423,0.4490631458604638
1424,0.5262876190369301
1425,0.466272018007171
1426,0.4672894994159374
1427,0.4336699591496298
1428,0.4283440216132001
1429,0.4223111898682146
1430,0.4489801902439044
1431,0.4381736102173279
1432,0.46165186274935405
1433,0.4588768837976583
1434,0.45890318258876966
1435,0.45658004567300076
1436,0.4695936566171285
1437,0.4665287931706518
1438,0.4695936566171285
1439,0.4413779687742691
1440,0.5360372665657513
1441,0.514292973401186
1442,0.466272018007171
1443,0.5327172428323306
1444,0.4586206995534348
1445,0.5137241959548091
1446,0.5066280783722459
1447,0.4489801902439044
1448,0.47726665452581984
1449,0.4849239432726126
1450,0.502764704549464
1451,0.4512705453724027
1452,0.5143194295086714
1453,0.4690265768906161
1454,0.4672894994159374
1455,0.46468668376106603
1456,0.446774872322277
1457,0.4430988430976328
1458,0.4586206995534348
1459,0.45658004567300076
1460,0.4588768837976583
1461,0.4665287931706518
1462,0.5283744651144037
1463,0.08470449488622293
1464,0.466272018007171
1465,0.44869875025073375
1466,0.4586206995534348
1467,0.466272018007171
1468,0.45963586316491745
1469,0.4381736102173279
1470,0.4805965245306017
1471,0.47061242869708053
1472,0.08470449488622293
1473,0.5360372665657513
1474,0.4665287931706518
1475,0.4588768837976583
1476,0.44000166809712876
1477,0.47061242869708053
1478,0.4672894994159374
1479,0.5316994910486488
1480,0.4381736102173279
1481,0.46811982181861334
1482,0.44959987838371446
1483,0.08818845250239898
1484,0.08470449488622293
1485,0.08470449488622293
1486,0.5104580868746684
1487,0.47726665452581984
1488,0.08470449488622293
1489,0.4522830314393066
1490,0.5243124147342019
1491,0.07557883527719729
1492,0.4586206995534348
1493,0.4586206995534348
1494,0.4580554273377359
1495,0.46754634405907786
1496,0.4381736102173279
1497,0.5143194295086714
1498,0.44869875025073375
1499,0.4805965245306017
1500,0.4613691304097621
1501,0.47635826088649713
1502,0.07557883527719729
1503,0.45890318258876966
1504,0.4586206995534348
1505,0.4481355843286807
1506,0.4620477038838326
1507,0.45963586316491745
1508,0.4580554273377359
1509,0.5143194295086714
1510,0.4805965245306017
1511,0.45963586316491745
1512,0.48635226616731286
1513,0.08470449488622293
1514,0.44869875025073375
1515,0.4805965245306017
1516,0.472918424973753
1517,0.4407905376188313
1518,0.4391802298692564
1519,0.4672894994159374
1520,0.5353030125592206
1521,0.07557883527719729
1522,0.46819625571267864
1523,0.47752406727876345
1524,0.41806321503323324
1525,0.466272018007171
1526,0.45042515288701873
1527,0.4391802298692564
1528,0.4413779687742691
1529,0.5245479752375444
1530,0.4588768837976583
1531,0.5329740696824512
1532,0.426126495687611
1533,0.5321240453576227
1534,0.08756883647410658
1535,0.4720121067465975
1536,0.4408166442674978
1537,0.5316994910486488
1538,0.4672894994159374
1539,0.44869875025073375
1540,0.47752406727876345
1541,0.44869875025073375
1542,0.5302926815462768
1543,0.45658004567300076
1544,0.466272018007171
1545,0.47318354150944764
1546,0.466272018007171
1547,0.45890318258876966
1548,0.44869875025073375
1549,0.4572278036771195
1550,0.44959987838371446
1551,0.44869875025073375
1552,0.45890318258876966
1553,0.44486502724589666
1554,0.4336699591496298
1555,0.4563240623757852
1556,0.08818845250239898
1557,0.44869875025073375
1558,0.4586206995534348
1559,0.4490631458604638
1560,0.4471514252577401
1561,0.4489539882903747
1562,0.08470449488622293
1563,0.4844370093149053
1564,0.47726665452581984
1565,0.5140352404438525
1566,0.4391802298692564
1567,0.4698770323011501
1568,0.4586206995534348
1569,0.4662456607993477
1570,0.4381736102173279
1571,0.4586206995534348
1572,0.4481622175533436
1573,0.4586206995534348
1574,0.4490631458604638
1575,0.5245479752375444
1576,0.4381736102173279
1577,0.472918424973753
1578,0.44959987838371446
1579,0.45658004567300076
1580,0.4690265768906161
1581,0.45578594994817795
1582,0.4665287931706518
1583,0.07557883527719729
1584,0.46887417582949975
1585,0.4868352702791838
1586,0.4381736102173279
1587,0.4408166442674978
1588,0.3970348742382424
1589,0.4489801902439044
1590,0.4563240623757852
1591,0.466272018007171
1592,0.44869875025073375
1593,0.4512705453724027
1594,0.5245479752375444
1595,0.47061242869708053
1596,0.4672894994159374
1597,0.4381736102173279
1598,0.5240286616454991
1599,0.4408166442674978
1600,0.44486502724589666
1601,0.4489801902439044
1602,0.47726665452581984
1603,0.4582424938183099
1604,0.5245479752375444
1605,0.4586206995534348
1606,0.0792072065589535
1607,0.4605406074190152
1608,0.08470449488622293
1609,0.5234607211182735
1610,0.5253318885349874
1611,0.5168664458948304
1612,0.4586206995534348
1613,0.47752406727876345
1614,0.466272018007171
1615,0.4586206995534348
1616,0.46463152738609315
1617,0.4665287931706518
1618,0.4386195057778178
1619,0.5319563858086577
1620,0.4381736102173279
1621,0.4498882404480796
1622,0.4336699591496298
1623,0.4506805701649943
1624,0.4687980123253213
1625,0.4381736102173279
1626,0.47726665452581984
1627,0.5021954942886054
1628,0.47726665452581984
1629,0.4381736102173279
1630,0.44959987838371446
1631,0.5140352404438525
1632,0.4588768837976583
1633,0.5219775777493809
1634,0.466272018007171
1635,0.47726665452581984
1636,0.472918424973753
1637,0.4588768837976583
1638,0.5278070375265792
1639,0.45890318258876966
1640,0.44869875025073375
1641,0.5426682851020461
1642,0.4722692459054989
1643,0.47061242869708053
1644,0.4563240623757852
1645,0.4381736102173279
1646,0.08217657665933494
1647,0.5127966722730949
1648,0.4563240623757852
1649,0.5219775777493809
1650,0.45890318258876966
1651,0.4586206995534348
1652,0.4489801902439044
1653,0.4413779687742691
1654,0.07635552034784704
1655,0.5360372665657513
1656,0.4512705453724027
1657,0.07557883527719729
1658,0.07557883527719729
1659,0.47987500340672024
1660,0.4490631458604638
1661,0.4481355843286807
1662,0.4805965245306017
1663,0.4665287931706518
1664,0.5429243353598885
1665,0.4563240623757852
1666,0.08818845250239898
1667,0.4413779687742691
1668,0.4408992984457337
1669,0.08470449488622293
1670,0.4586206995534348
1671,0.5162978477021232
1672,0.44453612861391995
1673,0.45658004567300076
1674,0.521720130332106
1675,0.4283440216132001
1676,0.4490631458604638
1677,0.46295166537879806
1678,0.08556627925650406
1679,0.43324396760685613
1680,0.4586206995534348
1681,0.4471514252577401
1682,0.4987980377440329
1683,0.4512705453724027
1684,0.4599184402856242
1685,0.4490631458604638
1686,0.5219775777493809
1687,0.466272018007171
1688,0.5143194295086714
1689,0.4490631458604638
1690,0.4620477038838326
1691,0.4572278036771195
1692,0.47726665452581984
1693,0.43324396760685613
1694,0.4457646814843355
1695,0.5143194295086714
1696,0.08156203708662459
1697,0.5253318885349874
1698,0.4489539882903747
1699,0.45890318258876966
1700,0.45907040071651556
1701,0.4950964880835536
1702,0.466272018007171
1703,0.5316994910486488
1704,0.466272018007171
1705,0.4381736102173279
1706,0.4198654644162016
1707,0.5283744651144037
1708,0.4586206995534348
1709,0.4512705453724027
1710,0.441434091563463
1711,0.4563240623757852
1712,0.47061242869708053
1713,0.472918424973753
1714,0.4381736102173279
1715,0.08470449488622293
1716,0.517082840571782
1717,0.47726665452581984
1718,0.5245479752375444
1719,0.5027911815161935
1720,0.45042515288701873
1721,0.5245479752375444
1722,0.44959987838371446
1723,0.07816093816540445
1724,0.4805965245306017
1725,0.466272018007171
1726,0.5137241959548091
1727,0.4586206995534348
1728,0.5219775777493809
1729,0.08818845250239898
1730,0.4397145777375084
1731,0.07557883527719729
1732,0.4586206995534348
1733,0.45668952073744806
1734,0.08217657665933494
1735,0.5319563858086577
1736,0.4586206995534348
1737,0.08217657665933494
1738,0.472918424973753
1739,0.5219775777493809
1740,0.4512705453724027
1741,0.46887417582949975
1742,0.4690265768906161
1743,0.4391802298692564
1744,0.07557883527719729
1745,0.5140352404438525
1746,0.4805965245306017
1747,0.4580554273377359
1748,0.07330145211855374
1749,0.4586206995534348
1750,0.4586206995534348
1751,0.44959987838371446
1752,0.4381736102173279
1753,0.4599184402856242
1754,0.07887719034076689
1755,0.5140352404438525
1756,0.44959987838371446
1757,0.44053623032308387
1758,0.45042515288701873
1759,0.5360372665657513
1760,0.4381736102173279
1761,0.4805965245306017
1762,0.4599184402856242
1763,0.5162978477021232
1764,0.47061242869708053
1765,0.4413779687742691
1766,0.45802913600496686
1767,0.4623856142670917
1768,0.48469470348749405
1769,0.47726665452581984
1770,0.514292973401186
1771,0.08470449488622293
1772,0.4720121067465975
1773,0.4698770323011501
1774,0.44869875025073375
1775,0.45963586316491745
1776,0.4381736102173279
1777,0.4381736102173279
1778,0.5143194295086714
1779,0.5243124147342019
1780,0.44959987838371446
1781,0.08818845250239898
1782,0.466272018007171
1783,0.4698770323011501
1784,0.4672894994159374
1785,0.4124129372131581
1786,0.5168664458948304
1787,0.446774872322277
1788,0.4490631458604638
1789,0.4586206995534348
1790,0.47061242869708053
1791,0.4512705453724027
1792,0.08470449488622293
1793,0.44839076256882
1794,0.5143194295086714
1795,0.08470449488622293
1796,0.4580554273377359
1797,0.45890318258876966
1798,0.5143194295086714
1799,0.40042272141899427
1800,0.4665287931706518
1801,0.4124129372131581
1802,0.4381736102173279
1803,0.44053623032308387
1804,0.4381736102173279
1805,0.4457646814843355
1806,0.5243124147342019
1807,0.45658004567300076
1808,0.46295166537879806
1809,0.45890318258876966
1810,0.44869875025073375
1811,0.466272018007171
1812,0.5327172428323306
1813,0.5244803647837298
1814,0.466272018007171
1815,0.4672894994159374
1816,0.4586206995534348
1817,0.4586206995534348
1818,0.5168664458948304
1819,0.5277253790290238
1820,0.4586206995534348
1821,0.07557883527719729
1822,0.4506805701649943
1823,0.4512705453724027
1824,0.08470449488622293
1825,0.08470449488622293
1826,0.4987980377440329
1827,0.46295166537879806
1828,0.08470449488622293
1829,0.4586206995534348
1830,0.08818845250239898
1831,0.4512705453724027
1832,0.47133837169564496
1833,0.4722692459054989
1834,0.45578594994817795
1835,0.07557883527719729
1836,0.4413779687742691
1837,0.4586206995534348
1838,0.4413779687742691
1839,0.4790141318097388
1840,0.4381736102173279
1841,0.4563240623757852
1842,0.5143194295086714
1843,0.466272018007171
1844,0.45658004567300076
1845,0.46463152738609315
1846,0.4381736102173279
1847,0.4408992984457337
1848,0.45890318258876966
1849,0.4723509057891286
1850,0.4489801902439044
